"ID","Description","GeneRatio","BgRatio","pvalue","p.adjust","qvalue","geneID","Count"
"GO:0009897","external side of plasma membrane","157/4332","393/19717",3.93957027610501e-16,2.99801298011591e-13,2.2808038440608e-13,"3675/974/928/920/923/972/11119/3604/8692/2213/4162/5788/4036/3682/966/2683/5027/3902/2323/4897/3568/7018/3594/3560/958/51311/959/2208/10859/9466/10148/973/945/7472/7036/657/5023/921/969/10384/9308/1235/11120/3593/942/11148/914/356/1441/29126/3762/941/729230/7852/5340/51744/3598/10385/54718/696/1236/3543/3559/3824/8482/4283/2028/939/57007/79054/1238/2044/3561/3688/10666/925/931/8764/912/909/911/910/913/2207/115650/3689/917/643/3570/1234/149233/1493/29851/131450/1230/308/117531/567/915/1524/2675/8754/3575/3627/64805/84168/3684/2266/2243/2244/5621/10663/1605/2829/10803/57493/6403/57124/2015/930/283316/940/811/1003/1237/2147/343413/6517/10159/1232/1233/2811/5034/3916/11118/2833/7293/4059/5133/7442/100/80380/1438/916/2214/56244/4277/3107/3133/3135/3134/3105/22914/100528032/7124/3106/100423062",157
"GO:0030667","secretory granule membrane","120/4332","298/19717",6.18671351360419e-13,2.35404449192639e-10,1.79089075393806e-10,"952/3683/221/928/7305/6556/7133/535/5874/1535/23200/387/8514/6793/6717/7879/27074/26002/5788/334/10890/966/2683/10959/1832/22931/51382/10326/9218/10857/84061/57020/945/8778/858/857/5023/5878/8153/1363/10312/9761/5869/8876/9749/6678/4033/81833/84329/976/3071/1621/57826/64753/27180/148229/684/10288/2319/6860/967/64114/10970/5879/7097/50624/6843/11010/121260/3687/11322/7226/6518/963/2212/127833/6622/5066/79930/2040/6836/3708/4718/101/79888/2207/51706/3689/23218/5284/1536/54495/3903/11314/5724/3684/10972/719/160364/326624/4973/6403/374403/5870/9501/5912/10159/161/340061/3916/6402/9725/961/5660/170482/1378/150372/100049587/23601/3690",120
"GO:0000775","chromosome, centromeric region","86/4332","193/19717",1.96146724820156e-12,4.97558858627129e-10,3.78528767196792e-10,"7756/9918/55166/259282/54908/10734/54820/27127/10403/6790/332/7290/79019/9985/9770/2491/80152/11339/5516/5518/64151/57122/7272/1452/8850/1058/4751/1063/3070/348995/91687/11335/64105/55355/23157/55320/151648/6249/1786/891/55143/1783/57082/1062/84643/11004/83540/1060/91272/113130/79980/79682/253635/57405/64946/9184/220134/84295/701/6396/1780/92822/54069/222229/147841/151246/4085/6990/221150/5347/81620/4735/699/157570/51112/27085/10540/9212/55920/26039/9735/10320/5501/54821/1616/1639",86
"GO:0000776","kinetochore","66/4332","135/19717",4.47058637693353e-12,8.50529058211604e-10,6.47058554556169e-10,"7756/55166/259282/54908/54820/10403/332/79019/9985/9770/2491/80152/57122/7272/1452/8850/1058/4751/1063/348995/64105/55355/23157/55320/151648/6249/891/1783/57082/1062/84643/11004/83540/1060/91272/79980/79682/253635/57405/64946/9184/220134/84295/701/6396/1780/92822/222229/147841/151246/4085/6990/221150/5347/81620/4735/699/51112/27085/10540/9212/26039/9735/5501/54821/1639",66
"GO:0000779","condensed chromosome, centromeric region","59/4332","118/19717",1.8519430452738e-11,2.81865731490673e-09,2.14435510505388e-09,"7756/9918/259282/54908/54820/10403/6790/332/79019/9985/9770/80152/64151/57122/1452/1058/4751/1063/348995/11335/64105/55355/23157/55320/151648/891/57082/1062/84643/11004/83540/1060/91272/79980/79682/253635/57405/64946/9184/220134/84295/701/1780/92822/222229/147841/151246/4085/6990/221150/5347/81620/4735/699/9212/26039/9735/5501/54821",59
"GO:0000777","condensed chromosome kinetochore","54/4332","105/19717",3.2612222812853e-11,4.13631692676352e-09,3.14679342931037e-09,"7756/259282/54908/54820/10403/332/79019/9985/9770/80152/57122/1452/1058/4751/1063/348995/64105/55355/23157/55320/151648/891/57082/1062/84643/11004/83540/1060/91272/79980/79682/253635/57405/64946/9184/220134/84295/701/1780/92822/222229/147841/151246/4085/6990/221150/5347/81620/4735/699/26039/9735/5501/54821",54
"GO:0045121","membrane raft","120/4332","315/19717",4.74399097679157e-11,5.15739590476912e-09,3.92360155975243e-09,"8837/5244/920/695/2534/330/30846/7133/999/3937/1495/2824/841/5590/8692/483/4040/490/5566/119/55824/5788/7462/10580/3717/11252/3055/5230/3356/1445/3551/25999/973/858/857/657/5023/5573/9368/867/6404/84830/868/200576/7535/1820/7143/11315/914/962/356/2185/6385/2770/59272/83483/684/2319/4038/1910/7097/5045/8631/351/8915/481/7851/79054/2040/3688/10666/9472/2697/925/1525/3098/931/909/3689/476/836/6469/10395/6778/1398/8436/3635/64805/3684/10287/5621/10855/4973/1605/7096/10333/153129/3738/930/284119/91663/9495/55600/2149/5912/6517/302/3932/23621/130574/199920/120892/4641/84433/9289/27040/2013/1241/7124/4067",120
"GO:0098857","membrane microdomain","120/4332","316/19717",6.01246235429963e-11,5.71935481452753e-09,4.35112407219053e-09,"8837/5244/920/695/2534/330/30846/7133/999/3937/1495/2824/841/5590/8692/483/4040/490/5566/119/55824/5788/7462/10580/3717/11252/3055/5230/3356/1445/3551/25999/973/858/857/657/5023/5573/9368/867/6404/84830/868/200576/7535/1820/7143/11315/914/962/356/2185/6385/2770/59272/83483/684/2319/4038/1910/7097/5045/8631/351/8915/481/7851/79054/2040/3688/10666/9472/2697/925/1525/3098/931/909/3689/476/836/6469/10395/6778/1398/8436/3635/64805/3684/10287/5621/10855/4973/1605/7096/10333/153129/3738/930/284119/91663/9495/55600/2149/5912/6517/302/3932/23621/130574/199920/120892/4641/84433/9289/27040/2013/1241/7124/4067",120
"GO:0098687","chromosomal region","129/4332","349/19717",9.64849722774794e-11,8.15834043368465e-09,6.20663564358055e-09,"7756/9918/4361/55166/259282/54908/5888/10734/6672/54820/4175/27127/10403/4998/6790/332/7290/79019/4174/9985/9770/23347/2491/80152/11339/5516/4173/5518/2146/54780/2145/64151/57122/7272/1452/8850/1058/4751/1063/3070/348995/91687/55791/11335/64105/1017/55355/23157/7517/55320/7011/151648/6249/1786/3021/4221/891/79577/55143/1783/57082/1763/1062/79035/675/80119/84643/55135/11004/83540/142/1060/91272/113130/472/79980/79682/253635/57405/64421/64946/9184/220134/84295/701/6396/1780/92822/54069/222229/147841/79677/151246/80335/4085/7015/6990/221150/4176/5347/114785/81620/8290/4735/699/983/157570/51112/27085/64859/3981/545/10540/80169/9212/55920/11200/26039/9735/10320/5501/54821/51547/84464/641/29935/1616/1639/493861",129
"GO:0098589","membrane region","122/4332","328/19717",1.95893013554986e-10,1.49074583315344e-08,1.13411744689729e-08,"8837/5244/920/695/2534/330/30846/7133/999/3937/1495/2824/841/5590/8692/483/4040/490/5566/119/55824/5788/7462/10580/3717/11252/3055/5230/3356/1445/3551/25999/973/858/857/657/5023/5573/9368/867/6404/84830/868/200576/7535/1820/7143/11315/914/962/356/81833/2185/6385/2770/59272/83483/684/2319/4038/1910/7097/5045/8631/351/8915/481/7851/79054/2040/3688/10666/9472/2697/925/1525/3098/931/909/3689/476/836/6469/10395/6778/1398/8436/3635/64805/3684/10287/5621/10855/4973/1605/7096/10333/153129/3738/930/284119/91663/9495/55600/2149/5912/6517/302/3932/23621/130574/199920/120892/4641/84433/9289/23636/27040/2013/1241/7124/4067",122
"GO:0031252","cell leading edge","141/4332","403/19717",1.06116428701801e-09,7.34132747655187e-08,5.58507519483163e-08,"2268/51330/6792/51177/286/57514/999/1495/5662/10787/10347/387/5590/10235/490/10979/54518/2195/5829/54822/25/23616/11252/26499/5753/11151/23516/1021/23242/8976/81704/23189/23586/8729/84687/9368/10094/9750/56940/1627/26084/6711/7456/5341/22848/149371/2185/5290/7852/29993/23550/83543/89846/30817/135/5880/23022/9459/6249/9026/54869/23647/2319/10810/50649/55198/10253/3936/5879/28988/64005/10006/53905/23710/405753/50506/9051/7168/8631/25800/351/5872/375/8476/4651/221472/2934/8525/3688/5800/57630/8470/64092/2890/7074/70/117145/146206/10603/388325/72/134/5783/7401/64419/84059/10395/154810/378/5747/84168/65059/1605/5797/1464/10458/23625/3737/91663/9495/23526/302/221178/23396/4771/57698/81848/126432/51466/7442/4644/55742/4641/6277/1500/9578/199/6453/440829/348110/3690",141
"GO:0000793","condensed chromosome","88/4332","223/19717",2.37538515738579e-09,1.50639008730882e-07,1.14601915487911e-07,"7756/9918/259282/54908/5888/4438/10734/54820/4292/27127/10403/6790/332/8940/79019/9985/9770/80152/54780/64151/57122/1452/10051/1058/4751/1063/348995/56159/23397/11335/64105/1017/55355/23157/55320/151648/7153/891/57082/1062/675/84643/10609/11004/83540/84072/2177/1060/91272/113130/4288/79980/79682/253635/57405/64946/9184/220134/7273/84295/701/1780/92822/222229/147841/79677/151246/11073/3148/4085/6990/221150/5347/81620/4735/699/3981/150280/9212/26039/9735/5501/54821/171484/135458/641/493861/101928601",88
"GO:0010008","endosome membrane","158/4332","479/19717",1.23718731449941e-08,7.24230420256964e-07,5.50974107671803e-07,"163/8938/83930/6556/30846/535/5874/84062/10079/23200/54432/5662/10347/56850/9741/4040/9744/1183/7879/27074/8417/23011/25978/10890/2060/29887/55614/7018/117584/11252/4689/84174/128866/79953/51311/23062/8766/30844/4948/55353/10397/25999/29062/857/5878/10312/5869/51715/9896/8992/23527/8723/200576/2888/51652/9528/55686/29126/57826/5911/23163/84286/27243/78992/84440/80762/79412/10948/81846/55207/6272/967/64114/55198/51028/5879/63971/9856/6653/950/65082/5045/10040/1213/2064/81609/3756/5872/55016/221472/91782/245972/2209/9781/81615/255231/23643/118813/2890/9372/129531/912/909/911/910/1173/220002/151636/92421/51271/220972/79156/567/2923/124460/124997/27065/93380/84168/926/4615/150684/79666/153129/55920/3119/284417/5912/302/161/9230/3665/3916/23396/23621/3123/51284/3117/51135/55315/22876/3111/3108/3122/3107/3133/3135/3134/3105/55652/8906/3115/3113/3106/54106/3112/3109/11230",158
"GO:0030139","endocytic vesicle","108/4332","303/19717",3.05805474266955e-08,1.66227118512252e-06,1.26460910411147e-06,"163/928/23166/4057/7454/6556/972/535/4481/1535/9170/8692/7879/8417/4036/10890/2060/55614/7018/4689/11151/8766/857/8976/5878/83871/9693/81622/10312/5869/51715/6678/8992/7475/4688/84329/10755/4035/7471/5880/23149/9026/84440/2319/4193/55198/2317/153090/7097/950/1213/409/5872/9140/30011/245972/2934/10435/2209/1814/101/2890/653361/51735/1173/1493/117156/1536/122618/7184/567/2923/6890/4920/7096/10333/1212/811/54734/3119/161/752/9230/3916/338557/3123/51466/51284/3117/219972/100506658/4641/10497/22876/6891/3122/3107/3133/3135/3134/6453/3105/3115/3113/6892/3106/345611/54106",108
"GO:0001772","immunological synapse","23/4332","36/19717",7.6187540187675e-08,3.86524787218805e-06,2.94057172654184e-06,"923/490/8417/11151/951/1845/5573/7535/84868/8631/8915/963/81609/3001/27020/388325/399/940/3932/199920/84433/916/27040",23
"GO:0042611","MHC protein complex","18/4332","25/19717",1.31203554952522e-07,6.24036908242933e-06,4.7474970542031e-06,"972/567/3119/3123/3117/3111/3108/3122/3107/3133/3135/3134/3105/3115/3113/3106/3112/3109",18
"GO:0009898","cytoplasmic side of plasma membrane","62/4332","154/19717",2.25491708835368e-07,1.00940700249244e-05,7.67928420182368e-06,"2268/4145/2534/286/999/55359/387/8514/490/10979/2782/23011/5788/7188/1540/2767/57655/5996/5753/3055/128866/3551/858/9267/56341/54206/914/57488/10672/2185/2770/7187/26191/85397/640/5778/9630/2776/7074/26119/2035/146206/29127/2793/7881/79058/9854/55970/3728/488/7525/2788/9495/30820/3932/246329/22821/54331/1269/2760/6277/4067",62
"GO:0045335","phagocytic vesicle","55/4332","132/19717",2.83597197839266e-07,1.1989859308649e-05,9.12154729892377e-06,"4057/7454/6556/535/1535/7879/10890/55614/4689/11151/8766/83871/81622/10312/51715/8992/4688/84329/5880/55198/2317/7097/9140/245972/2934/10435/101/653361/1536/122618/567/2923/6890/7096/10333/811/54734/752/9230/3916/51466/51284/219972/4641/10497/6891/3107/3133/3135/3134/3105/6892/3106/345611/54106",55
"GO:0005774","vacuolar membrane","134/4332","412/19717",3.81232957776402e-07,1.52693832035706e-05,1.16165167189485e-05,"163/1534/9043/83930/972/535/11345/23200/56848/9741/79901/23503/7879/27074/2782/8417/4036/2683/2767/51382/10548/84557/9218/51311/286410/84061/80183/1203/4948/55353/5862/4125/8775/5878/51296/10312/8876/4012/10641/9528/55686/4033/6185/5826/4035/6560/84286/2770/10053/684/10948/81846/55207/6272/5025/967/64114/10970/29988/950/2028/23710/11010/121260/65082/1213/7226/55016/245972/2040/6836/51524/4718/130340/79888/2776/128338/6396/912/910/11182/126321/1173/220002/7805/5284/84283/23001/151636/256471/54468/220972/79156/124997/89849/114990/11337/719/2783/326624/10855/144577/220441/153129/2629/7056/3119/284417/8905/302/161/5587/340061/3916/3123/9725/51284/3117/9583/5660/55315/3111/3108/3122/3134/25851/55652/3115/3113/150372/345611/54106/3112/3109",134
"GO:0030135","coated vesicle","100/4332","289/19717",4.92271427567501e-07,1.87309278189434e-05,1.4249962376954e-05,"51226/5244/163/928/920/972/5874/10188/25956/56681/4036/966/2060/10959/7018/83394/201294/372/11018/23062/10945/1075/22818/1294/22848/8674/54812/1314/4035/29993/51614/10053/23677/23149/9026/6272/51014/11014/28988/29988/9856/22872/950/65082/85439/79748/5045/1213/351/375/127833/7851/2209/9871/2890/6396/55707/146456/26119/917/1173/6811/553115/1493/7401/23423/567/2801/915/3575/4920/10972/10287/10897/1212/3119/90411/6517/255324/161/9276/2157/10134/3123/3117/5265/22876/3122/3107/3133/3135/3134/79958/3105/163486/8906/3115/3113/3106/26286",100
"GO:0031234","extrinsic component of cytoplasmic side of plasma membrane","41/4332","91/19717",7.88773267387683e-07,2.85836407848584e-05,2.1745628925475e-05,"2268/4145/2534/55359/387/8514/10979/2782/1540/2767/57655/5996/5753/3055/858/9267/54206/57488/10672/2185/2770/85397/640/9630/2776/7074/146206/29127/2793/7881/55970/488/7525/2788/30820/3932/246329/54331/1269/6277/4067",41
"GO:0098562","cytoplasmic side of membrane","67/4332","178/19717",1.38378101458719e-06,4.73565618619394e-05,3.60275385905895e-05,"2268/4145/2534/286/999/55359/387/8514/490/10979/2782/23011/5788/7188/1540/2767/2280/57655/5996/5753/3055/128866/3551/64926/858/9267/56341/54206/914/57488/10672/2185/2770/7187/26191/85397/640/5778/2796/9630/2776/7074/26119/2035/146206/29127/2793/7881/79058/9854/55970/3728/488/7525/2788/9495/30820/3932/246329/22821/54331/1269/120892/5770/2760/6277/4067",67
"GO:0005911","cell-cell junction","144/4332","459/19717",1.46749631828365e-06,4.73565618619394e-05,3.60275385905895e-05,"26/5244/55971/7454/1244/7414/999/3937/1495/5318/1001/387/5590/9948/28513/64398/5817/8647/1015/260425/79977/2195/10890/2683/2196/5027/10580/1832/23384/23616/11252/5411/28316/9218/11151/1445/7082/10397/54922/57817/24146/8777/23586/9124/9267/9693/595/1982/83461/5777/3702/1627/51421/1894/200576/7535/6801/11315/914/5493/9414/4072/2700/57826/23363/60437/5582/53834/7533/84952/5819/81/10298/2319/1825/1019/29109/4856/57619/84260/8631/7409/351/10256/963/481/81607/5872/8476/8994/30011/83604/56288/85456/90952/3688/9472/2697/27295/1525/7074/50848/120425/57125/200539/476/79778/360/154810/2125/29091/25932/3856/387357/1605/5797/57493/3728/488/147409/1674/10458/3737/25945/84552/1003/91663/5021/5912/575/1366/302/128239/5101/11187/89958/9863/100506658/1500/9578/916/27040/26025/4067",144
"GO:0005765","lysosomal membrane","116/4332","354/19717",1.49350523611898e-06,4.73565618619394e-05,3.60275385905895e-05,"163/1534/9043/83930/972/535/23200/56848/9741/79901/23503/7879/27074/2782/8417/4036/2683/2767/51382/10548/9218/51311/286410/84061/1203/4948/55353/5862/5878/51296/10312/8876/4012/10641/9528/55686/4033/5826/4035/6560/84286/2770/10053/684/10948/55207/6272/5025/967/64114/10970/29988/950/2028/11010/121260/65082/1213/7226/55016/245972/2040/6836/4718/130340/79888/2776/128338/6396/912/910/11182/126321/1173/220002/7805/5284/84283/151636/256471/54468/220972/79156/124997/114990/719/2783/326624/10855/144577/220441/153129/2629/3119/8905/302/161/3916/3123/9725/51284/3117/5660/55315/3111/3108/3122/3134/25851/55652/3115/3113/150372/54106/3112/3109",116
"GO:0001726","ruffle","65/4332","172/19717",1.68233797125268e-06,5.10596647219278e-05,3.8844754958241e-05,"2268/51330/6792/51177/5662/10787/10347/387/10235/54822/11252/5753/1021/23242/23189/23586/84687/9368/26084/7456/5341/29993/23550/83543/89846/30817/23022/6249/9026/54869/23647/50649/55198/10253/3936/5879/28988/7168/8631/4651/221472/2934/3688/64092/7074/117145/146206/10603/64419/10395/378/10458/91663/23526/302/221178/23396/4771/81848/126432/4644/4641/6277/199/3690",65
"GO:0098852","lytic vacuole membrane","116/4332","355/19717",1.744482631761e-06,5.10596647219278e-05,3.8844754958241e-05,"163/1534/9043/83930/972/535/23200/56848/9741/79901/23503/7879/27074/2782/8417/4036/2683/2767/51382/10548/9218/51311/286410/84061/1203/4948/55353/5862/5878/51296/10312/8876/4012/10641/9528/55686/4033/5826/4035/6560/84286/2770/10053/684/10948/55207/6272/5025/967/64114/10970/29988/950/2028/11010/121260/65082/1213/7226/55016/245972/2040/6836/4718/130340/79888/2776/128338/6396/912/910/11182/126321/1173/220002/7805/5284/84283/151636/256471/54468/220972/79156/124997/114990/719/2783/326624/10855/144577/220441/153129/2629/3119/8905/302/161/3916/3123/9725/51284/3117/5660/55315/3111/3108/3122/3134/25851/55652/3115/3113/150372/54106/3112/3109",116
"GO:0005875","microtubule associated complex","59/4332","152/19717",1.82650861439206e-06,5.14804835389763e-05,3.91649020629877e-05,"10048/4134/23095/54820/1781/51314/6790/64147/5829/55614/332/24137/7531/10112/8723/25981/23046/9928/89891/83544/6780/1769/83658/55112/10749/93323/4131/55143/9053/1783/63971/9493/3832/9585/1062/55605/84643/11004/54801/55567/1780/8682/27185/56992/6990/4130/90990/11337/10540/9212/144132/146909/57698/1778/1639/79441/3833/23354/140735",59
"GO:0000778","condensed nuclear chromosome kinetochore","12/4332","15/19717",2.89006931648714e-06,7.85479553516684e-05,5.97570723333808e-05,"10403/9985/1058/64105/55320/891/83540/1060/79980/701/5347/699",12
"GO:0055037","recycling endosome","65/4332","176/19717",4.17360072987905e-06,0.000109521039842688,8.33205227380573e-05,"55610/8938/933/30846/10079/23200/56850/9744/8417/10890/7018/117584/201294/11252/286410/8766/30844/10397/25999/23080/9896/51421/29126/26994/57826/5911/23163/84440/57111/57614/5879/9873/6653/351/5872/57007/1238/3688/255231/118813/2890/26119/1780/79778/10807/567/2923/27065/150684/79772/5912/9230/23621/4644/89848/22876/3107/3133/3135/3134/6453/3105/7124/3106/149466",65
"GO:0030134","COPII-coated ER to Golgi transport vesicle","40/4332","93/19717",4.47572333280201e-06,0.000113534181875411,8.63736081768809e-05,"972/25956/56681/966/10959/83394/11018/1075/1294/51614/51014/22872/79748/351/9871/2890/6396/146456/6811/553115/23423/567/2801/10972/10897/3119/90411/2157/3123/3117/5265/3122/3107/3133/3135/3134/3105/3115/3113/3106",40
"GO:0032155","cell division site part","30/4332","63/19717",5.87096699472077e-06,0.000144122770418791,0.000109644544892918,"5662/387/54820/23011/8766/79187/10112/1894/6242/11113/5585/23157/10426/85378/84440/4221/55165/9051/10733/1060/3688/389/29127/84936/3359/4735/200942/5501/4771/6840",30
"GO:0005798","Golgi-associated vesicle","65/4332","178/19717",6.44485204230184e-06,0.000153266637630991,0.000116600941554803,"51226/972/5874/25956/56681/966/10959/83394/372/11018/10945/1075/22818/1294/54812/1314/29993/51614/6272/51765/51014/11014/22872/79748/5045/1213/351/375/2796/9871/2697/2890/6396/146456/6811/553115/7401/23423/567/2801/10972/10897/1212/54503/3119/90411/6517/9276/2157/23621/120892/3123/3117/5265/3122/3107/3133/3135/3134/3105/8906/3115/3113/3106/26286",65
"GO:0005938","cell cortex","101/4332","308/19717",6.66959160492009e-06,0.000153804824586187,0.000117010379033686,"85477/7454/23187/999/387/5590/22844/9948/10979/10890/5829/4650/23616/55964/140730/22919/2010/11151/23406/793/64926/57817/857/23242/8976/8153/51411/10486/55770/1627/6242/9595/6711/7456/829/149371/80306/103910/5357/2185/800/10755/23157/631/11034/2770/81/9535/9026/9590/23647/2319/11005/2317/28988/57471/54874/57619/84260/10256/6622/4651/2934/56288/7402/389/2039/2035/10395/9833/2038/4735/399/29091/5747/8419/2244/9854/6712/1488/1212/84552/91663/1731/3059/302/752/7127/89958/27445/4771/23048/6261/1778/89848/444/1500/10497/830/1639/91828",101
"GO:0030027","lamellipodium","69/4332","193/19717",7.89322508883189e-06,0.000176283274956387,0.000134111351028443,"57514/999/1495/10787/387/10979/54518/2195/5829/23616/26499/11151/23516/8976/81704/84687/10094/56940/1627/2185/5290/89846/5880/23022/9459/2319/10810/5879/28988/64005/10006/9051/25800/351/5872/8476/4651/221472/2934/8525/3688/5800/57630/8470/70/146206/72/5783/7401/154810/5747/84168/65059/1605/5797/1464/23625/3737/221178/4771/57698/51466/55742/1500/9578/199/6453/348110/3690",69
"GO:0030670","phagocytic vesicle membrane","34/4332","76/19717",8.12963427570503e-06,0.000176283274956387,0.000134111351028443,"6556/535/1535/7879/10890/11151/83871/10312/51715/8992/84329/5880/55198/7097/9140/245972/1536/567/6890/7096/10333/811/54734/9230/3916/6891/3107/3133/3135/3134/3105/6892/3106/345611",34
"GO:0032154","cleavage furrow","27/4332","55/19717",8.33928764576863e-06,0.000176283274956387,0.000134111351028443,"5662/387/54820/23011/8766/79187/10112/1894/11113/5585/23157/84440/4221/55165/9051/10733/1060/3688/389/29127/84936/3359/4735/200942/5501/4771/6840",27
"GO:0030496","midbody","63/4332","173/19717",9.82191596204406e-06,0.000202012920192312,0.000153685740515625,"57787/3309/84062/259266/387/23503/1540/6790/332/24137/11078/23331/128866/55770/10112/1894/4751/1063/9928/11064/11113/5585/5911/23157/2770/84440/23111/55207/55143/64780/63971/9493/403/55165/9585/153020/1062/9960/1060/129531/29127/92421/10807/84936/7184/5347/4735/25932/983/79801/9212/55920/1731/302/200942/5501/84628/6840/1500/26112/55958/221477/23636",63
"GO:0000940","condensed chromosome outer kinetochore","11/4332","14/19717",1.06004774352805e-05,0.000212288508638117,0.000161503118820063,"259282/54908/10403/1063/891/91272/220134/701/221150/5347/699",11
"GO:0030666","endocytic vesicle membrane","61/4332","167/19717",1.20946704043377e-05,0.000236001132761564,0.000179543015449007,"163/928/23166/6556/972/535/4481/1535/7879/10890/2060/11151/857/8976/83871/10312/51715/8992/7475/84329/4035/7471/5880/23149/9026/4193/55198/7097/950/1213/9140/245972/2209/2890/1173/1536/567/6890/4920/7096/10333/811/54734/3119/161/9230/3916/3123/3117/6891/3122/3107/3133/3135/3134/3105/3115/3113/6892/3106/345611",61
"GO:0032153","cell division site","31/4332","68/19717",1.26208704104603e-05,0.000240112059559008,0.000182670492782978,"5662/387/54820/23011/8766/79187/8153/10112/1894/6242/11113/5585/23157/10426/85378/84440/4221/55165/9051/10733/1060/3688/389/29127/84936/3359/4735/200942/5501/4771/6840",31
"GO:0070820","tertiary granule","60/4332","164/19717",1.34173396607022e-05,0.000249038914190107,0.000189461792384755,"4057/6556/535/1535/387/8514/5236/8417/966/4069/1832/4318/57020/1512/945/8778/10312/5777/3071/57826/5199/10288/1118/5879/28988/6843/3687/11322/7226/963/3608/79930/2040/226/101/2207/3689/23218/1520/1536/567/3903/11314/5724/3684/126014/160364/4973/374403/5912/10159/161/3916/9725/961/170482/1378/5004/100049587/23601",60
"GO:0030662","coated vesicle membrane","65/4332","182/19717",1.47998239789854e-05,0.000268158715428759,0.000204007598707819,"51226/163/928/920/972/25956/56681/4036/966/2060/10959/7018/372/10945/22818/8674/54812/1314/10053/23149/9026/51014/11014/28988/29988/9856/22872/950/1213/127833/2209/9871/2890/6396/55707/26119/917/1173/6811/553115/23423/567/915/3575/4920/10972/1212/3119/90411/255324/161/9276/3123/3117/3122/3107/3133/3135/3134/3105/8906/3115/3113/3106/26286",65
"GO:0000780","condensed nuclear chromosome, centromeric region","16/4332","26/19717",1.53899205290342e-05,0.000272365802851047,0.000207208232337058,"10403/6790/9985/1058/64105/55320/151648/891/83540/1060/79980/701/5347/699/9212/26039",16
"GO:0019897","extrinsic component of plasma membrane","60/4332","165/19717",1.66142697179717e-05,0.000287351346713101,0.000218608812078575,"2268/4145/2534/999/1495/5652/55359/1001/387/8514/28513/10979/2782/1015/1540/2767/57655/5996/7018/5753/3055/28316/6247/858/7472/9267/22848/54206/57488/10672/2185/5340/60437/2770/85397/640/84958/9630/2776/7074/9162/146206/29127/2793/7881/55970/3728/488/7525/2788/1003/30820/302/3932/246329/54331/1269/6277/1500/4067",60
"GO:0071556","integral component of lumenal side of endoplasmic reticulum membrane","17/4332","29/19717",2.06180002491624e-05,0.000341093438904622,0.000259494282312113,"972/821/811/3119/10134/3123/3117/3122/3107/3133/3135/3134/3105/3115/3113/6892/3106",17
"GO:0098553","lumenal side of endoplasmic reticulum membrane","17/4332","29/19717",2.06180002491624e-05,0.000341093438904622,0.000259494282312113,"972/821/811/3119/10134/3123/3117/3122/3107/3133/3135/3134/3105/3115/3113/6892/3106",17
"GO:0070821","tertiary granule membrane","32/4332","73/19717",2.46734189490344e-05,0.000399499400430111,0.000303927892989226,"6556/1535/8514/966/945/8778/57826/10288/6843/3687/11322/7226/963/2040/101/2207/3689/23218/1536/3903/11314/5724/3684/160364/4973/5912/10159/9725/961/170482/100049587/23601",32
"GO:0033116","endoplasmic reticulum-Golgi intermediate compartment membrane","31/4332","71/19717",3.61157744060866e-05,0.000572585506729831,0.000435606928143588,"51226/51006/966/10959/11018/5862/10945/1075/57222/1294/51614/51014/79748/6836/2890/6811/23423/2801/6890/79058/10972/81876/811/90411/2055/340061/2157/10134/5265/6891/6892",31
"GO:0005913","cell-cell adherens junction","45/4332","117/19717",3.79896519195606e-05,0.000590002553281339,0.000448857326654314,"55971/7414/999/1495/5318/1001/28513/64398/5817/1015/10890/2196/10580/1832/28316/7082/10397/9124/1982/83461/11315/60437/5819/10298/2319/81607/56288/85456/2697/27295/1525/29091/1605/5797/3728/488/1674/10458/25945/1003/5021/302/11187/1500/4067",45
"GO:0005788","endoplasmic reticulum lumen","98/4332","309/19717",4.10672178315181e-05,0.000611169737296646,0.000464960724134664,"414/920/8635/3309/2155/1301/10954/27248/11320/54905/51661/1310/334/1307/7018/410/5155/412/91851/2158/5611/10232/10148/8729/7466/1075/51561/3593/8614/3827/590/1294/3488/7475/64175/845/6696/2322/7471/5199/3895/821/813/79709/4221/3915/10970/3569/10695/2098/60681/351/844/197/2719/11098/3698/340348/336/27433/339123/56983/11167/3490/213/4043/493869/51752/64167/6469/2200/7184/567/5479/2923/10098/3592/6383/51237/2266/2243/3913/1605/80124/258/811/2147/9403/2157/5034/64222/23621/1282/84570/5265/1288/1066/81567",98
"GO:0005819","spindle","108/4332","347/19717",4.14823491599899e-05,0.000611169737296646,0.000464960724134664,"7756/10460/259282/54908/4134/259266/54820/284403/8556/1540/57542/6790/22974/332/24137/55012/8317/112755/23384/23331/51199/7443/11083/22919/2010/56271/8766/5516/9094/26271/7272/10112/1894/4751/1063/9928/4033/10783/11335/23157/10426/51119/9787/55112/79000/85378/54617/151648/8881/9113/84440/93323/891/55207/79768/55143/9700/26586/79866/51203/9493/3832/403/9585/57520/1062/84643/1213/351/27436/79998/91272/54801/472/79980/26524/126731/220134/64210/701/1780/29127/84541/11073/56992/4085/6990/221150/5347/2801/83473/4735/10636/150468/983/79801/9657/83903/9212/55920/9735/146909/26112/1639/23636/79441/3833/23354",108
"GO:0032587","ruffle membrane","38/4332","94/19717",4.17619268586407e-05,0.000611169737296646,0.000464960724134664,"2268/6792/51177/5662/10347/387/10235/11252/23189/23586/84687/5341/29993/23550/83543/30817/9026/54869/50649/55198/10253/3936/5879/7168/221472/3688/7074/117145/10395/378/23526/221178/23396/4771/81848/4641/199/3690",38
"GO:0044448","cell cortex part","64/4332","184/19717",4.36538836623987e-05,0.000625359982478767,0.000475756263038,"7454/23187/999/5590/9948/10890/23616/55964/140730/22919/2010/11151/23406/793/57817/8976/10486/55770/1627/6242/6711/7456/829/149371/80306/103910/5357/800/23157/11034/2770/81/9535/9026/2319/28988/57619/84260/2934/7402/2039/2035/10395/2038/4735/29091/9854/6712/1488/1212/91663/1731/3059/7127/89958/27445/4771/89848/444/1500/10497/830/1639/91828",64
"GO:0031091","platelet alpha granule","37/4332","91/19717",4.51989977435111e-05,0.000625359982478767,0.000475756263038,"928/334/7042/5155/10916/7040/5054/9749/6678/3827/3273/1/5340/81/351/197/6622/78991/83706/226/7424/51571/51706/340205/213/54495/2266/2243/2244/6403/2157/5265/1675/7114/5005/5004/3690",37
"GO:0005884","actin filament","43/4332","111/19717",4.58127966706106e-05,0.000625359982478767,0.000475756263038,"2534/7454/395/10787/9948/4650/23384/3055/5358/11151/23406/23242/8976/9124/10094/56940/1627/7456/23307/5357/83543/5880/23022/3936/5879/28988/9051/7168/1238/9050/27295/2039/70/10603/55970/7525/3059/83715/4644/4641/92241/199/219537",43
"GO:0031256","leading edge membrane","60/4332","170/19717",4.60186058065847e-05,0.000625359982478767,0.000475756263038,"2268/6792/51177/286/5662/10787/10347/387/10235/490/10979/11252/26499/81704/23189/23586/84687/9750/6711/5341/29993/23550/83543/30817/135/9026/54869/50649/55198/10253/3936/5879/64005/23710/7168/25800/221472/3688/2890/7074/117145/388325/134/84059/10395/378/84168/1464/3737/9495/23526/221178/23396/4771/81848/7442/4641/199/440829/3690",60
"GO:0019898","extrinsic component of membrane","94/4332","295/19717",4.78208717016887e-05,0.000638450585350615,0.000485715225040236,"2268/4145/2534/30846/999/1495/5652/5662/55359/1001/387/56850/8514/28513/10979/7879/2782/1015/1540/29887/2767/2280/57655/5996/7018/6663/11252/84174/5753/3055/28316/6247/9810/5294/29062/858/7472/9267/22848/54206/57488/10672/2185/5290/5340/60437/2770/54832/148281/10717/85397/640/23533/84958/8448/152789/9630/2776/7074/9162/129531/653361/146206/29127/56997/23001/1672/2793/124997/2675/7881/79058/5293/5621/55970/3728/488/7525/2788/2629/1003/94025/30820/302/9628/3932/8651/246329/54331/1269/6277/1500/51025/4067",94
"GO:0042613","MHC class II protein complex","11/4332","16/19717",8.14639690655896e-05,0.00106886345618817,0.000813161215718226,"972/3119/3123/3117/3111/3108/3122/3115/3113/3112/3109",11
"GO:0061702","inflammasome complex","10/4332","14/19717",0.000107262895459947,0.00138157221827435,0.00105106123528721,"58484/22861/29108/22900/834/838/114548/9447/171389/837",10
"GO:0055038","recycling endosome membrane","33/4332","81/19717",0.000108928164384311,0.00138157221827435,0.00105106123528721,"8938/30846/23200/56850/9744/10890/117584/11252/8766/30844/10397/25999/29126/57826/5911/23163/84440/5879/5872/255231/118813/2890/567/2923/27065/5912/9230/3107/3133/3135/3134/3105/3106",33
"GO:0012507","ER to Golgi transport vesicle membrane","27/4332","62/19717",0.000119033416636817,0.00148499065673144,0.00112973907075495,"972/25956/56681/966/10959/51014/22872/9871/2890/6396/6811/553115/567/10972/3119/90411/3123/3117/3122/3107/3133/3135/3134/3105/3115/3113/3106",27
"GO:0042470","melanosome","40/4332","106/19717",0.00016174967561061,0.00195383338316943,0.00148642141329716,"535/5874/3309/84062/483/7879/191/4948/5862/5878/7531/5869/6509/5052/55686/10672/821/813/967/5879/5861/1213/84958/2040/3688/476/6184/1200/7184/5479/2923/10972/302/5034/3916/4673/51393/283652/4644/3690",40
"GO:0048770","pigment granule","40/4332","106/19717",0.00016174967561061,0.00195383338316943,0.00148642141329716,"535/5874/3309/84062/483/7879/191/4948/5862/5878/7531/5869/6509/5052/55686/10672/821/813/967/5879/5861/1213/84958/2040/3688/476/6184/1200/7184/5479/2923/10972/302/5034/3916/4673/51393/283652/4644/3690",40
"GO:0005925","focal adhesion","120/4332","405/19717",0.000169680674729113,0.00201760927295086,0.00153494031416139,"5244/3675/928/57514/7414/1495/3309/1535/10787/7089/387/26986/9448/5817/10979/51495/25996/4162/54518/7145/23011/5788/2195/10890/966/7205/57091/5829/10580/3717/11078/11252/79038/10544/3055/22919/2321/858/857/9124/7531/9404/867/8496/10094/3676/85440/10672/2185/976/4035/6385/8675/1948/83543/5880/2318/23022/1264/5819/81/10298/9590/2319/10971/2317/3936/5879/9493/950/64098/9815/3695/6187/1213/6202/58497/375/8994/30011/4478/2934/3688/2697/8470/8321/1465/70/3689/3716/308/10395/7184/567/5479/2923/3660/8754/5747/7532/2783/1605/1464/3728/7525/977/5339/2580/811/575/5034/23396/5501/11261/81848/51466/6840/55742/402/3690",120
"GO:0005770","late endosome","81/4332","256/19717",0.000198179118136307,0.00232022013694969,0.00176515813724646,"8938/83930/6556/972/5874/23327/54432/9741/1183/7879/8530/27074/8417/25978/7018/201294/84174/128866/84557/8766/1512/55353/973/29062/9693/10312/9896/3593/200576/51652/9528/149371/55686/9227/7852/684/27243/78992/10948/55207/967/1783/51028/7274/6653/153020/950/65082/375/9711/55016/2697/255231/129531/913/8878/220002/1520/84315/92421/124997/3592/27065/338692/153129/2149/6517/302/3916/23621/9863/4077/120892/3123/3064/4644/5660/55315/3108/3122/3109",81
"GO:0030660","Golgi-associated vesicle membrane","42/4332","114/19717",0.00020814380095884,0.0023999610989345,0.00182582281542842,"51226/972/25956/56681/966/10959/372/10945/22818/54812/1314/51014/11014/22872/1213/9871/2697/2890/6396/6811/553115/23423/567/10972/1212/54503/3119/90411/9276/3123/3117/3122/3107/3133/3135/3134/3105/8906/3115/3113/3106/26286",42
"GO:0031093","platelet alpha granule lumen","28/4332","67/19717",0.000211500255460754,0.00240226409560647,0.00182757487043856,"7042/5155/10916/7040/5054/6678/3827/3273/1/5340/81/351/197/78991/83706/226/7424/51571/213/2266/2243/2244/2157/5265/1675/7114/5005/5004",28
"GO:0031253","cell projection membrane","104/4332","345/19717",0.000222323113702935,0.0024880571989402,0.00189284384731601,"2268/3675/6792/1800/1244/51177/286/2978/5662/10787/10347/387/10235/490/79901/10979/2782/4036/23239/5205/2060/2683/5172/11252/26499/22919/23288/81704/23189/23586/9033/84687/9368/9750/2979/6711/5341/26123/10672/29993/23550/83543/50832/30817/135/611/59272/9026/54869/57111/10400/50649/55198/10253/3936/5879/23710/7168/25800/84958/4651/221472/4478/92211/3688/7402/2890/1836/7074/2039/117145/388325/134/64399/84059/10395/10999/378/4735/64805/84168/1464/1212/374403/3737/9495/55600/23526/80045/221178/5148/730094/23396/4771/81848/7442/4641/24/199/3135/768206/65010/440829/3690",104
"GO:0005924","cell-substrate adherens junction","120/4332","408/19717",0.000235676550965334,0.00259927326499448,0.00197745389825986,"5244/3675/928/57514/7414/1495/3309/1535/10787/7089/387/26986/9448/5817/10979/51495/25996/4162/54518/7145/23011/5788/2195/10890/966/7205/57091/5829/10580/3717/11078/11252/79038/10544/3055/22919/2321/858/857/9124/7531/9404/867/8496/10094/3676/85440/10672/2185/976/4035/6385/8675/1948/83543/5880/2318/23022/1264/5819/81/10298/9590/2319/10971/2317/3936/5879/9493/950/64098/9815/3695/6187/1213/6202/58497/375/8994/30011/4478/2934/3688/2697/8470/8321/1465/70/3689/3716/308/10395/7184/567/5479/2923/3660/8754/5747/7532/2783/1605/1464/3728/7525/977/5339/2580/811/575/5034/23396/5501/11261/81848/51466/6840/55742/402/3690",120
"GO:0030120","vesicle coat","25/4332","58/19717",0.00025547402986306,0.00277736766751127,0.00211294310413057,"51226/163/25956/56681/2060/372/22818/54812/1314/23149/9026/51014/22872/1213/9871/6396/55707/1173/553115/23423/1212/161/9276/8906/26286",25
"GO:0035579","specific granule membrane","35/4332","91/19717",0.000264015226468955,0.00282979700482922,0.00215282986742662,"3683/221/7133/1535/8514/6793/966/51382/10857/945/5023/9761/84329/64114/10970/6843/121260/11322/7226/6518/963/2040/101/3689/1536/3903/3684/719/160364/326624/4973/5912/9725/961/23601",35
"GO:0005793","endoplasmic reticulum-Golgi intermediate compartment","45/4332","126/19717",0.000285738761020968,0.00302009996023551,0.00229760699651363,"51226/3309/51006/9262/966/10959/11018/5862/10945/8729/1075/57222/1294/51614/51014/79748/6836/2890/146456/11079/6811/4043/23423/2801/6890/79058/10972/51112/326624/10897/81876/5771/811/90411/2055/340061/2157/5034/10134/11261/6399/399687/5265/6891/6892",45
"GO:0098636","protein complex involved in cell adhesion","17/4332","34/19717",0.000295842852430668,0.00308406042054436,0.00234626631343716,"3683/3675/10077/3682/3676/941/3695/3687/3680/3688/3681/3689/1493/3684/940/4067/3690",17
"GO:0030055","cell-substrate junction","120/4332","412/19717",0.000360171696943635,0.00367264694369229,0.00279404636424477,"5244/3675/928/57514/7414/1495/3309/1535/10787/7089/387/26986/9448/5817/10979/51495/25996/4162/54518/7145/23011/5788/2195/10890/966/7205/57091/5829/10580/3717/11078/11252/79038/10544/3055/22919/2321/858/857/9124/7531/9404/867/8496/10094/3676/85440/10672/2185/976/4035/6385/8675/1948/83543/5880/2318/23022/1264/5819/81/10298/9590/2319/10971/2317/3936/5879/9493/950/64098/9815/3695/6187/1213/6202/58497/375/8994/30011/4478/2934/3688/2697/8470/8321/1465/70/3689/3716/308/10395/7184/567/5479/2923/3660/8754/5747/7532/2783/1605/1464/3728/7525/977/5339/2580/811/575/5034/23396/5501/11261/81848/51466/6840/55742/402/3690",120
"GO:0005874","microtubule","121/4332","416/19717",0.000361956006277163,0.00367264694369229,0.00279404636424477,"7756/259282/4134/23095/259266/8514/54820/51512/1781/11043/1540/6790/22974/64147/55614/332/393/10726/24137/29911/283638/51199/6547/22919/84557/2010/56271/8766/10397/79187/80709/56890/9532/10112/25981/23046/4751/9928/23271/10783/83544/54867/6903/1769/83658/10426/7277/85378/54617/10749/8881/6249/93323/4131/9053/1783/9654/26586/10253/63971/51203/9493/3832/403/9585/57619/1062/23710/55605/283431/84643/8631/1213/8915/11004/27436/91272/84675/54801/152789/126731/220134/7074/55567/1780/29127/27185/7401/56992/6990/221150/5347/4130/2801/83473/90990/80346/4920/10636/51181/11337/983/10540/10458/84617/9212/55920/285331/284451/9735/146909/57698/1778/6840/4644/7278/1639/79441/3833/23354/140735",121
"GO:0005769","early endosome","104/4332","350/19717",0.000396406296528024,0.00396927883760298,0.00301971555526888,"920/933/10079/23200/10347/56850/4040/1183/27074/8417/23011/2060/55614/7018/11252/79890/79953/11151/23062/30844/55353/25999/29062/857/5878/8153/345/5869/23074/9896/57561/4012/8723/200576/9595/23307/29126/7852/26994/4035/23163/79412/6272/84868/55198/23325/28988/9856/6653/5861/153020/65082/351/81609/3756/57007/1238/9711/55016/221472/29934/245972/2209/9910/81615/2697/2890/9372/26119/913/336/151636/220972/10807/567/124460/124997/27065/93380/926/150684/79666/219285/79874/55920/2149/6478/302/23621/4771/5770/4644/22876/3107/3133/3135/3134/5987/3105/3106/344/3833/149466/54551",104
"GO:0005657","replication fork","28/4332","70/19717",0.00050184176898071,0.0049597608596665,0.00377324638331361,"23649/4361/56852/8318/8914/10286/7517/92797/1786/51659/5983/2073/80119/54465/5558/253714/5814/84296/29980/5984/5429/57804/7516/641/5557/11169/29935/11277",28
"GO:0030133","transport vesicle","114/4332","392/19717",0.000529701983692586,0.0051679898665392,0.00393166114751582,"51226/972/321/5874/84062/54432/9950/25956/56681/10590/8417/10890/966/5016/10959/201294/372/112755/3055/6855/83716/8766/10945/858/9144/1363/7466/22818/5869/8674/54812/1314/10755/1621/8675/80262/23157/53834/9143/78992/6860/148281/6272/51014/11014/29988/5861/50624/30061/51138/22872/6843/85439/5045/1213/351/84958/127833/6622/5066/6836/8448/9871/3708/81615/115827/2890/6396/9162/127262/6811/553115/27185/132204/7401/23423/567/10972/81876/1212/79772/5870/79666/627/3119/1731/90411/9501/6517/9276/9230/4908/3916/23621/11261/431705/120892/388552/3123/3117/10497/83849/3122/3107/3133/3135/3134/3105/6494/594855/8906/3115/3113/3106",114
"GO:0030137","COPI-coated vesicle","14/4332","27/19717",0.000630569927323903,0.00607422423662645,0.00462109873455225,"51226/10959/372/10945/22818/1314/29993/51014/11014/375/23423/10972/9276/26286",14
"GO:0101003","ficolin-1-rich granule membrane","25/4332","61/19717",0.000642934801993854,0.00611591730396653,0.00465281764600815,"6556/535/387/1832/57020/8778/10312/3071/10288/5879/3687/7226/79930/101/2207/3689/23218/11314/374403/10159/161/3916/170482/1378/100049587",25
"GO:0002102","podosome","15/4332","30/19717",0.00066852939044927,0.00628087489051721,0.00477831273225599,"85477/7414/7984/9948/64147/7082/9404/51411/23022/3936/28988/2934/83706/101/6840",15
"GO:0000421","autophagosome membrane","17/4332","36/19717",0.00069162171202717,0.00641858686405703,0.00488308012342675,"11345/7879/10548/84557/80183/6185/23710/23001/124997/89849/11337/284417/5587/340061/9583/25851/345611",17
"GO:0150034","distal axon","86/4332","285/19717",0.000714153694849261,0.00654784291301552,0.00498141448531508,"3675/6792/84062/5923/8514/22859/6717/393/51199/6855/9810/793/79784/2901/23242/23413/7531/867/10094/1627/85461/3676/22848/85440/23046/149371/23307/63923/2185/57616/9479/4035/57580/29993/23157/5582/23022/4131/1131/5025/3351/64780/2752/10006/9585/23162/8620/5428/351/55811/91653/6622/57451/2796/56288/2823/5800/7402/1525/118813/7074/9162/127262/81544/27185/134/7349/5579/5368/1128/114787/9024/10540/57010/8851/3738/3737/5101/57698/51393/120892/4644/1500/10497/6453/594855",86
"GO:0031901","early endosome membrane","50/4332","149/19717",0.000727832016395295,0.0065938114818669,0.00501638607791243,"10079/10347/56850/4040/1183/8417/23011/2060/55614/79953/23062/30844/25999/29062/857/5878/5869/9896/8723/200576/29126/23163/79412/55198/9856/81609/3756/55016/221472/2209/81615/2890/9372/151636/220972/567/124460/124997/27065/93380/926/79666/55920/22876/3107/3133/3135/3134/3105/3106",50
"GO:0005871","kinesin complex","23/4332","55/19717",0.000746912075961523,0.00668705988007905,0.00508732683317446,"23095/54820/64147/55614/24137/7531/10112/23046/9928/10749/63971/9493/3832/9585/1062/55605/84643/11004/27185/56992/90990/146909/3833",23
"GO:0099523","presynaptic cytosol","9/4332","14/19717",0.000795102197628529,0.00703572991157338,0.00535258517375387,"793/23413/5533/5582/5579/1488/10458/120892/3064",9
"GO:0030176","integral component of endoplasmic reticulum membrane","50/4332","150/19717",0.00086216949139344,0.00754150555115411,0.00573736503649597,"7095/972/3309/10170/91319/7993/7466/550/57142/10237/51604/6238/51614/821/9695/56851/219855/8818/2542/54499/118813/284361/166929/79993/567/2923/6890/93380/9986/23141/619373/2081/54344/811/3119/2131/10134/3123/3117/6891/3122/3107/3133/3135/3134/3105/3115/3113/6892/3106",50
"GO:0005905","clathrin-coated pit","27/4332","69/19717",0.000936402005604072,0.00809774916209885,0.00616053951055311,"163/10188/4036/2060/7018/22848/4035/23677/23149/9026/6272/9873/1213/409/351/57007/29967/130340/55707/1173/1212/6517/8905/161/23048/22876/6453",27
"GO:0031227","intrinsic component of endoplasmic reticulum membrane","52/4332","158/19717",0.000956253328624104,0.00812789076031699,0.00618347038961801,"7095/972/3309/10170/57655/91319/7993/7466/550/57142/57488/10237/51604/6238/51614/821/9695/56851/219855/8818/2542/54499/118813/284361/166929/79993/567/2923/6890/93380/9986/23141/619373/2081/54344/811/3119/2131/10134/3123/3117/6891/3122/3107/3133/3135/3134/3105/3115/3113/6892/3106",52
"GO:0033267","axon part","110/4332","382/19717",0.00096124857874971,0.00812789076031699,0.00618347038961801,"3675/6792/7133/286/4653/5874/84062/23095/5923/5590/8514/22859/6717/23011/6790/22974/393/24137/4897/51199/6855/9810/793/79784/2901/23242/23413/7531/867/10094/1627/85461/3676/6711/22848/85440/23046/149371/23307/63923/2185/57616/9479/4035/57580/29993/23157/5582/135/23022/10749/4131/1131/55207/5025/3351/64780/2752/57471/10006/9585/23162/8620/5428/6647/351/55811/91653/6622/57451/2796/56288/2823/5800/7402/1525/118813/2890/7074/9162/127262/81544/27185/80128/134/7349/5579/4130/5368/1128/114787/7881/1605/9024/10540/57010/8851/3738/3737/5101/57698/51393/120892/388552/1778/4644/1500/10497/6453/594855",110
"GO:0030658","transport vesicle membrane","65/4332","208/19717",0.00114226651589977,0.00955236064395306,0.00726716696061164,"972/5874/84062/25956/56681/10590/966/10959/6855/9144/1363/7466/5869/8674/54812/1621/8675/80262/9143/6860/148281/51014/5861/50624/22872/6843/1213/127833/6622/5066/8448/9871/3708/81615/115827/2890/6396/127262/6811/553115/132204/567/10972/1212/79772/3119/90411/9501/9230/3916/120892/3123/3117/10497/3122/3107/3133/3135/3134/3105/594855/8906/3115/3113/3106",65
"GO:0098978","glutamatergic synapse","101/4332","349/19717",0.00126555577240753,0.010468347204371,0.00796402373940665,"6405/163/6792/2534/54476/25897/999/84062/387/5590/56850/5217/490/27091/25978/2060/4897/3717/11252/3356/11151/8766/793/5327/10397/8775/5518/2901/23413/8787/5023/5573/7531/6678/1627/8745/6711/7143/2185/5533/10755/6780/1948/79414/821/135/80758/2319/6860/10810/1131/148281/2045/5879/53826/9746/6843/375/1609/80728/8525/3688/2823/5800/1814/9456/814/8526/2890/7074/27020/3084/9162/176/70/29/2905/3359/378/1128/27065/10636/1605/6712/1488/10458/7525/3738/2066/5501/613/120892/84628/4644/1500/10497/116443/6453/4067/3690/140735",101
"GO:0030663","COPI-coated vesicle membrane","11/4332","20/19717",0.0012924639781838,0.0105759686816975,0.00804589912847864,"51226/10959/372/10945/22818/1314/51014/11014/23423/9276/26286",11
"GO:0042581","specific granule","52/4332","160/19717",0.00131279062972686,0.0106280177576823,0.0080854965996615,"26/3683/221/4057/7133/7414/1535/8514/6793/966/4069/51382/10857/945/5023/9761/5777/84329/5199/84766/1116/1118/1794/64114/10970/6843/121260/11322/7226/6518/963/3608/2040/101/3689/1536/567/3903/3684/126014/719/160364/326624/10855/4973/3728/5912/9725/961/5005/5004/23601",52
"GO:0044853","plasma membrane raft","38/4332","109/19717",0.00136657357148617,0.0109469735568524,0.00832814918911242,"30846/999/3937/1495/483/4040/5566/119/3717/11252/3055/3356/858/857/657/5573/867/6404/84830/356/83483/2319/4038/8631/481/9472/925/931/3689/476/10395/8436/64805/3684/1605/284119/2149/120892",38
"GO:0000794","condensed nuclear chromosome","35/4332","99/19717",0.00157168574650962,0.0122742890988387,0.00933793347307735,"9918/5888/4438/10734/4292/27127/10403/6790/9985/1058/4751/56159/23397/64105/55320/151648/891/675/10609/83540/84072/1060/79980/7273/701/11073/5347/699/150280/9212/26039/171484/135458/641/101928601",35
"GO:0016605","PML body","35/4332","99/19717",0.00157168574650962,0.0122742890988387,0.00933793347307735,"4361/5888/6672/55743/4034/58476/11262/7290/2000/51567/11315/9994/4149/1025/6996/57451/23515/8878/79677/204851/23001/11073/7015/94241/5598/55159/10636/81603/545/4261/11200/641/6693/1616/5987",35
"GO:0005771","multivesicular body","21/4332","51/19717",0.00158065746607909,0.0122742890988387,0.00933793347307735,"972/5874/23327/8530/25978/8766/1512/55353/973/51652/9227/684/27243/967/6653/2697/27065/6517/3916/23621/120892",21
"GO:0043020","NADPH oxidase complex","9/4332","15/19717",0.00160048476378745,0.0123027162145682,0.00935956002214884,"1535/4689/4688/53905/50506/653361/1536/654817/654816",9
"GO:0043296","apical junction complex","47/4332","143/19717",0.00168248316102245,0.0128036968553809,0.00974069198486684,"26/999/1495/387/5590/64398/260425/10580/23616/9218/7082/24146/8777/23586/9267/9693/595/51421/1894/6801/9414/4072/57826/84952/5819/1019/57619/81607/5872/56288/90952/1525/50848/120425/57125/79778/154810/3728/25945/84552/1003/5912/1366/89958/9863/100506658/1500",47
"GO:0101002","ficolin-1-rich granule","58/4332","185/19717",0.00187461944325579,0.0141246078843333,0.010745603895682,"240/6556/535/7414/8621/387/5236/2950/10075/1832/4318/23406/83716/57020/1512/8778/11333/3614/10312/51411/317/1/3071/9535/10288/272/5879/28988/6727/3687/7226/3608/79930/2934/23412/226/101/2207/3689/23218/3101/1520/4332/327/5702/11314/5049/3728/374403/10159/161/3916/5265/1675/170482/1378/80301/100049587",58
"GO:0042641","actomyosin","29/4332","79/19717",0.00199719245430234,0.0149006221345498,0.0113359736828306,"1535/22998/5590/9948/10979/10529/7205/5829/10580/10398/79784/9124/1627/8850/81/29109/2317/3936/7168/8476/9531/27295/70/10603/79778/5747/399687/4644/9578",29
"GO:0005876","spindle microtubule","23/4332","59/19717",0.00230086509709439,0.0168408387227716,0.0128120358220131,"259282/6790/332/24137/22919/8766/10426/8881/51203/3832/403/1062/1213/91272/126731/220134/6990/221150/5347/983/9212/9735/146909",23
"GO:0099522","region of cytosol","12/4332","24/19717",0.0023040824632977,0.0168408387227716,0.0128120358220131,"793/23413/1627/5533/5582/9456/5579/1605/1488/10458/120892/3064",12
"GO:0001891","phagocytic cup","13/4332","27/19717",0.0023494450401678,0.0168408387227716,0.0128120358220131,"10347/23616/11151/51411/3936/64005/56990/9938/575/23396/199/7124/345611",13
"GO:0001931","uropod","8/4332","13/19717",0.00236789716601388,0.0168408387227716,0.0128120358220131,"8395/6404/2319/9051/4478/388325/23396/6693",8
"GO:0031254","cell trailing edge","8/4332","13/19717",0.00236789716601388,0.0168408387227716,0.0128120358220131,"8395/6404/2319/9051/4478/388325/23396/6693",8
"GO:0072686","mitotic spindle","37/4332","109/19717",0.00267063784735681,0.018818105572579,0.014316284756786,"10460/4134/259266/8556/6790/22974/8317/23331/51199/22919/1894/79768/9700/51203/9493/3832/9585/57520/1062/84643/1213/27436/126731/220134/29127/4085/6990/2801/150468/983/9657/9212/55920/146909/23636/79441/3833",37
"GO:0030136","clathrin-coated vesicle","58/4332","188/19717",0.00281077667839951,0.0196238628647892,0.0149292822126483,"5244/163/928/920/972/5874/10188/4036/2060/7018/201294/23062/22848/8674/54812/4035/10053/23677/23149/9026/6272/28988/29988/9856/950/65082/85439/5045/1213/127833/7851/2209/55707/26119/917/1173/1493/7401/915/3575/4920/10972/10287/1212/3119/6517/255324/161/10134/3123/3117/22876/3122/79958/163486/8906/3115/3113",58
"GO:0060205","cytoplasmic vesicle lumen","96/4332","338/19717",0.00305087995042666,0.0211065422024971,0.0160572628969824,"2268/26/4057/240/8635/7414/3074/2950/10075/4069/7018/350/201294/7042/51816/7078/1727/410/5155/5267/10916/5611/23406/83716/29108/1512/4125/7040/3614/5054/1075/51411/5777/6678/3827/3273/25801/356/317/1/5340/64333/1621/5199/84766/81/9535/1116/1118/272/2922/1794/28988/6727/351/3608/197/51316/78991/2934/79980/83706/226/7424/51571/3101/4332/213/117156/5702/7184/567/5049/126014/2266/2243/2244/1521/10855/5707/3728/811/23526/302/2157/387263/23621/2760/100/1778/5265/1675/7114/5005/5004/81567",96
"GO:0051233","spindle midzone","15/4332","34/19717",0.00325510477180238,0.0223165291111857,0.0169777868609892,"6790/22919/9094/9928/55207/55143/9585/1062/351/29127/5347/9212/55920/146909/26112",15
"GO:0098945","intrinsic component of presynaptic active zone membrane","10/4332","19/19717",0.00331088841793539,0.0224963043397217,0.0171145547919593,"490/5023/79414/821/2319/2823/27020/776/84628/594855",10
"GO:0031983","vesicle lumen","96/4332","339/19717",0.0033536073470096,0.0225849131953478,0.0171819659138824,"2268/26/4057/240/8635/7414/3074/2950/10075/4069/7018/350/201294/7042/51816/7078/1727/410/5155/5267/10916/5611/23406/83716/29108/1512/4125/7040/3614/5054/1075/51411/5777/6678/3827/3273/25801/356/317/1/5340/64333/1621/5199/84766/81/9535/1116/1118/272/2922/1794/28988/6727/351/3608/197/51316/78991/2934/79980/83706/226/7424/51571/3101/4332/213/117156/5702/7184/567/5049/126014/2266/2243/2244/1521/10855/5707/3728/811/23526/302/2157/387263/23621/2760/100/1778/5265/1675/7114/5005/5004/81567",96
"GO:0008305","integrin complex","14/4332","31/19717",0.00340557708917583,0.0226935171734718,0.0172645887618916,"3683/3675/10077/3682/3676/3695/3687/3680/3688/3681/3689/3684/4067/3690",14
"GO:0097038","perinuclear endoplasmic reticulum","11/4332","22/19717",0.00349829810667139,0.0226935171734718,0.0172645887618916,"114881/2534/1535/5007/148281/81544/1536/80168/64764/10134/10206",11
"GO:0097225","sperm midpiece","11/4332","22/19717",0.00349829810667139,0.0226935171734718,0.0172645887618916,"9368/1235/135138/6869/8878/1672/1043/11337/133558/374308/65010",11
"GO:0030117","membrane coat","33/4332","96/19717",0.00351883709128735,0.0226935171734718,0.0172645887618916,"51226/163/25956/56681/2060/372/128866/22818/54812/1314/10053/23149/27243/9026/10717/51014/22872/65082/1213/9871/130340/6396/55707/1173/553115/23423/1212/8905/161/9276/8906/26286/9907",33
"GO:0048475","coated membrane","33/4332","96/19717",0.00351883709128735,0.0226935171734718,0.0172645887618916,"51226/163/25956/56681/2060/372/128866/22818/54812/1314/10053/23149/27243/9026/10717/51014/22872/65082/1213/9871/130340/6396/55707/1173/553115/23423/1212/8905/161/9276/8906/26286/9907",33
"GO:0043596","nuclear replication fork","17/4332","41/19717",0.00393373901215729,0.0250299480625945,0.0190420795828577,"23649/8318/8914/10286/92797/51659/2073/54465/5558/253714/5814/84296/57804/5557/11169/29935/11277",17
"GO:0005776","autophagosome","32/4332","93/19717",0.00394690376808324,0.0250299480625945,0.0190420795828577,"114881/11345/7879/58476/10548/84557/80183/51715/6185/6737/23710/65082/9140/5305/8878/23001/94241/124997/89849/11337/284417/5587/340061/3916/285180/4077/120892/9583/3064/5178/25851/345611",32
"GO:0035861","site of double-strand break","22/4332","58/19717",0.00420512653864403,0.0264471181480009,0.020120222672938,"7454/4361/5888/56852/23347/10094/8914/55719/92797/84250/51444/55135/142/286257/79677/115004/55159/5429/157570/135458/29935/112441434",22
"GO:0030864","cortical actin cytoskeleton","31/4332","90/19717",0.00442810985481177,0.0276212426189489,0.0210134635042837,"7454/999/9948/11151/23406/793/8976/10486/1627/6242/6711/7456/829/80306/5357/800/11034/9535/9026/2319/28988/57619/2934/7402/10395/6712/91663/3059/4771/89848/830",31
"GO:0005767","secondary lysosome","8/4332","14/19717",0.00446495712386101,0.0276246534248636,0.0210160583493672,"4689/84557/4688/101/653361/8878/3916/120892",8
"GO:0030863","cortical cytoskeleton","38/4332","116/19717",0.0047013266856925,0.0288524968371935,0.0219501670384624,"7454/999/9948/140730/22919/11151/23406/793/8976/10486/1627/6242/6711/7456/829/80306/5357/800/11034/81/9535/9026/2319/28988/57619/2934/7402/2039/2035/10395/2038/6712/91663/3059/27445/4771/89848/830",38
"GO:0032839","dendrite cytoplasm","14/4332","32/19717",0.00484558471465318,0.0294999197428086,0.0224427081520779,"6792/26090/821/9026/2319/23710/84945/6647/127933/7881/10458/339451/120892/100",14
"GO:0031092","platelet alpha granule membrane","9/4332","17/19717",0.0050507015188326,0.0305046337764414,0.0232070662937171,"928/334/9749/6678/6622/51706/54495/6403/3690",9
"GO:0090734","site of DNA damage","26/4332","73/19717",0.00530054792856649,0.0316844303492171,0.0241046223003934,"7454/4361/5888/56852/79968/23347/10094/8914/55719/11335/92797/79000/84250/51444/83666/55135/142/286257/79677/115004/55159/5429/157570/135458/29935/112441434",26
"GO:0005868","cytoplasmic dynein complex","10/4332","20/19717",0.00532931285768698,0.0316844303492171,0.0241046223003934,"1781/8723/89891/83658/55112/1783/1780/6990/1778/140735",10
"GO:0043202","lysosomal lumen","32/4332","95/19717",0.00567663360332847,0.0334877377684726,0.0254765277995158,"1634/972/8635/3074/410/4125/356/2331/6385/4958/950/11081/2638/2719/196463/176/913/1520/6609/1200/27065/6383/10855/1464/2629/2262/375790/2760/5660/221914/10437/81567",32
"GO:0034774","secretory granule lumen","90/4332","321/19717",0.00590210603367976,0.0345500207048484,0.0262846827410839,"2268/26/4057/240/8635/7414/3074/2950/10075/4069/7018/350/201294/7042/51816/7078/1727/410/5155/5267/10916/5611/23406/83716/29108/1512/4125/7040/3614/5054/1075/51411/5777/6678/3827/3273/25801/317/1/5340/64333/1621/5199/84766/81/9535/1116/1118/272/2922/1794/28988/6727/351/3608/197/51316/78991/2934/79980/83706/226/7424/51571/3101/4332/213/5702/567/5049/126014/2266/2243/2244/1521/10855/5707/3728/23526/302/2157/387263/2760/1778/5265/1675/7114/5005/5004/81567",90
"GO:0000922","spindle pole","50/4332","164/19717",0.00674507133889243,0.0391832006786041,0.0298094755836949,"10460/259282/54908/259266/54820/284403/8556/6790/22974/23331/51199/2010/56271/8766/5516/9094/4751/1063/4033/10783/10426/51119/9787/55112/79000/85378/151648/9113/93323/891/79768/26586/3832/9585/79998/91272/79980/26524/1780/11073/4085/5347/2801/83473/10636/150468/9212/9735/1639/23636",50
"GO:0030427","site of polarized growth","53/4332","176/19717",0.00708081821861639,0.0408219898815687,0.0310562202570894,"3675/6792/84062/5923/22859/393/51199/79784/23242/7531/867/10094/1627/3676/85440/23046/149371/23307/2185/57616/9479/4035/57580/23022/4131/28988/10006/9585/23162/351/55811/91653/6622/57451/56288/2823/5800/7402/1525/118813/7074/81544/27185/114787/10540/8851/3059/5101/57698/51393/120892/4644/1500",53
"GO:0030175","filopodium","34/4332","104/19717",0.00746709529679915,0.0427252595553695,0.0325041742242939,"3675/50619/2195/2683/84687/9368/9750/3936/64005/57471/10006/351/4651/57451/4478/3688/2823/7402/1525/70/72/84168/65059/1605/374403/10458/221178/4771/57698/10123/1778/4644/3135/3690",34
"GO:0014069","postsynaptic density","90/4332","324/19717",0.00770694457573287,0.0433022419400581,0.0329431261733619,"6792/2534/84062/4134/9454/5662/8537/5590/8514/22859/119/27091/25978/4897/79953/2906/2901/23413/8777/8787/84687/1410/10486/1627/85461/6711/57142/6801/53335/9419/2185/1948/79414/5582/3188/57622/135/9026/80758/4131/1131/4038/5025/2045/10505/28988/10006/9746/409/50488/3756/375/8525/3708/5800/1814/9456/2890/7074/27020/9162/2039/2035/29/2905/27185/476/134/1128/10636/5621/10458/8851/25945/2066/9495/575/27445/613/1630/9863/339451/9228/1500/116443/9867/388135/440829/4067/140735",90
"GO:0030126","COPI vesicle coat","8/4332","15/19717",0.00773863982108792,0.0433022419400581,0.0329431261733619,"51226/372/22818/1314/51014/23423/9276/26286",8
"GO:0045120","pronucleus","8/4332","15/19717",0.00773863982108792,0.0433022419400581,0.0329431261733619,"8726/6790/2146/6908/1063/89869/890/200424",8
"GO:0062023","collagen-containing extracellular matrix","110/4332","406/19717",0.00798453592363749,0.0440962206497153,0.0335471628153308,"1634/7869/4653/3909/3697/2155/1301/2192/50939/1310/1307/8425/350/151887/7042/4670/7078/5155/1690/4318/25878/2158/1512/3574/7040/7472/5054/1075/7007/345/6678/3827/3273/1294/2202/7143/64175/4053/1/2331/5340/5199/5858/4958/83854/4147/325/27299/8728/3915/4856/8482/83729/5046/79748/81794/3068/2312/197/2719/3698/9510/9508/176/9507/4146/1520/3490/2199/308/285613/6469/2200/7184/89797/3965/6383/5272/2266/2243/2244/3960/3913/131578/30008/79812/1605/4485/1464/127435/977/811/2262/2147/439921/389084/302/4059/1282/79875/346007/375790/84570/5265/1288/5660/6277/221914/5005/5004",110
"GO:0044305","calyx of Held","11/4332","24/19717",0.00799642371834522,0.0440962206497153,0.0335471628153308,"793/23413/5582/3351/127262/134/5579/3738/3737/10497/6453",11
"GO:0099091","postsynaptic specialization, intracellular component","10/4332","21/19717",0.00819391852086419,0.0448602301753788,0.0341283997461212,"6792/2534/5662/80758/29/10458/7525/613/1500/4067",10
"GO:0030669","clathrin-coated endocytic vesicle membrane","17/4332","44/19717",0.00907338230827943,0.0493203138328617,0.0375215057861179,"163/928/972/2060/23149/9026/1213/2209/1173/4920/3119/161/3123/3117/3122/3115/3113",17
